origin,dest,avg_arrival_delay,avg_distance,flight_count
EWR,RIC,25.820433436532507,277.0,1667
EWR,MKE,24.003780718336483,725.0,1094
EWR,PWM,23.005479452054793,284.0,770
JFK,CMH,22.920567375886524,483.0,742
EWR,DCA,21.31397574984046,199.0,1719
EWR,ROC,20.66393442622951,246.0,513
EWR,MCI,20.239811912225704,1092.0,1356
EWR,MEM,19.907692307692308,946.0,926
LGA,CAK,19.69833729216152,397.0,864
EWR,GRR,19.370639534883722,605.0,719
JFK,CVG,19.105042016806724,589.0,997
EWR,DAY,18.3841059602649,533.0,1134
EWR,GSP,18.143063583815028,594.0,745
EWR,SAV,17.690161527165934,708.0,736
EWR,GSO,17.6622009569378,445.0,1120
JFK,CLE,17.384384384384383,425.0,707
EWR,SDF,16.459016393442624,642.0,894
EWR,STL,16.2893850042123,872.0,2516
EWR,CHS,16.1861504095309,628.0,1424
EWR,JAX,15.992417860151642,820.0,1242
EWR,BWI,15.076335877862595,169.0,545
EWR,CVG,14.92558694787107,569.0,2673
EWR,OMA,14.819559228650137,1134.0,754
EWR,IAD,14.800332778702163,212.0,1236
EWR,MHT,14.428398058252426,209.0,867
EWR,MDW,13.710764587525151,711.0,2043
LGA,IAD,13.708257986739,229.0,1803
JFK,IAD,13.52061855670103,228.0,2661
EWR,ATL,13.23318293683347,746.0,5022
JFK,ORD,13.141640519946213,740.0,2326
JFK,PBI,13.091067285382831,1028.0,1739
EWR,BNA,12.708165997322624,748.0,2336
JFK,PHL,12.68826815642458,94.0,976
EWR,RDU,12.661256175017643,416.0,1482
EWR,ORF,12.5637707948244,284.0,584
EWR,IND,12.20628525382756,645.0,1301
EWR,BTV,12.186230248306998,266.0,931
JFK,BNA,12.155619596541786,765.0,730
LGA,ATL,11.322477840852505,762.0,10263
LGA,BNA,11.099396633852017,764.0,3267
LGA,MDW,11.050073637702504,725.0,2070
EWR,DTW,10.915586573612496,488.0,3178
JFK,DEN,10.82496413199426,1626.0,703
JFK,RDU,10.661079450217901,427.0,3100
JFK,ORF,10.581661891117479,290.0,746
JFK,AUS,10.29436038514443,1521.0,1471
JFK,ROC,10.148125755743651,264.0,1679
LGA,CLE,10.037037037037036,419.0,2112
EWR,BUF,9.696581196581196,282.0,973
LGA,PIT,9.634387351778656,335.0,1067
EWR,HOU,9.618143459915611,1411.0,976
LGA,FLL,9.612363820623258,1076.0,4008
EWR,CMH,9.60204081632653,463.0,724
JFK,JAX,9.38699444885012,828.0,1299
EWR,MSY,9.242666666666667,1167.0,1155
JFK,BUF,9.141799544419134,301.0,3582
EWR,DEN,9.033747779751332,1605.0,2859
JFK,SYR,9.01547987616099,209.0,1311
EWR,ORD,8.997254632807138,719.0,6100
JFK,BWI,8.984320557491289,184.0,1221
JFK,MSP,8.774193548387096,1029.0,1095
LGA,RDU,8.416617210682492,431.0,3581
EWR,MSP,8.395565410199557,1008.0,2377
LGA,TPA,8.206491063029162,1010.0,2145
JFK,BTV,8.129175946547884,266.0,1364
JFK,PDX,8.057766367137356,2454.0,783
EWR,PBI,7.869751499571551,1023.0,2351
LGA,MCO,7.862002743484225,950.0,3677
LGA,DEN,7.854799015586546,1620.0,3704
EWR,CLT,7.7819333742080525,529.0,5026
EWR,FLL,7.761229946524064,1065.0,3793
JFK,HOU,7.69901547116737,1428.0,714
JFK,TPA,7.656154628687691,1005.0,2987
JFK,IND,7.52887537993921,665.0,689
JFK,DCA,7.517555266579974,213.0,3270
LGA,CLT,7.37980204663647,544.0,6168
JFK,PWM,7.2972762645914395,273.0,1304
LGA,MKE,7.252873563218391,738.0,1525
JFK,MSY,7.150753768844221,1182.0,1633
LGA,XNA,7.114245416078984,1147.0,745
LGA,RSW,7.0611702127659575,1080.0,761
JFK,RSW,6.973604826546003,1074.0,1339
JFK,BQN,6.942664418212479,1576.0,599
JFK,FLL,6.932541567695962,1069.0,4254
JFK,PIT,6.921030756442228,340.0,1249
JFK,CLT,6.587588652482269,541.0,2870
LGA,CMH,6.4671834625323,479.0,2058
EWR,TPA,6.360259179265658,997.0,2334
JFK,ATL,6.273958333333334,760.0,1930
LGA,MSP,6.1312154696132595,1020.0,3713
LGA,PBI,6.015232606010704,1035.0,2464
LGA,DCA,5.838406445837063,214.0,4716
LGA,PHL,5.7792642140468224,96.0,607
EWR,PIT,5.67984934086629,319.0,559
LGA,RIC,5.642424242424243,292.0,538
JFK,DTW,5.6041292639138245,509.0,1166
LGA,CHS,5.548523206751055,641.0,500
EWR,IAH,5.406576599541167,1400.0,3973
JFK,MCO,5.304475962424019,944.0,5464
JFK,CHS,5.1571125265392785,636.0,960
EWR,CLE,5.035838150289018,404.0,1754
JFK,BOS,4.913043478260869,187.0,5898
EWR,BOS,4.783685915761388,200.0,5327
LGA,SRQ,4.593964334705076,1047.0,737
JFK,DFW,4.161849710982659,1391.0,732
LGA,STL,4.088285229202038,888.0,1822
EWR,MIA,3.979278587874137,1085.0,2633
EWR,MCO,3.8279174330676478,937.0,4941
JFK,SAN,3.2323232323232323,2446.0,1603
EWR,SAN,3.008,2425.0,1134
JFK,SJU,2.9934182590233545,1598.0,4752
EWR,LAX,2.9034312718306965,2454.0,4912
JFK,SFO,2.879639906276976,2586.0,8204
EWR,PHX,2.8696461824953445,2133.0,2723
EWR,SFO,2.3418246445497632,2565.0,5127
LGA,MSY,2.3336673346693386,1183.0,1011
LGA,DTW,2.0273023634881824,502.0,5040
EWR,DFW,1.89814200398142,1372.0,3148
LGA,ORD,1.8334312918772775,733.0,8857
LGA,IAH,1.450363196125908,1416.0,2951
LGA,MEM,1.3464285714285715,963.0,862
EWR,PDX,1.1065719360568385,2434.0,571
JFK,PHX,1.017178552837064,2153.0,1933
JFK,LAS,0.7735991923271075,2248.0,3987
EWR,SJU,0.42521166509877706,1608.0,1067
JFK,LGB,-0.06202723146747353,2465.0,668
LGA,MIA,-0.06576639775517362,1096.0,5781
EWR,SEA,-0.3453038674033149,2402.0,1831
EWR,AUS,-0.47439916405433646,1504.0,968
JFK,LAX,-0.480598619948024,2475.0,11262
EWR,LAS,-0.7693467336683417,2227.0,2010
LGA,DFW,-1.2599316531396838,1389.0,4858
JFK,SLC,-1.6961904761904762,1990.0,2113
JFK,SEA,-1.7566265060240964,2422.0,2092
JFK,MIA,-1.987214611872146,1089.0,3314
EWR,RSW,-2.259129213483146,1068.0,1437
LGA,BOS,-2.4195402298850577,184.0,4283
EWR,SNA,-7.8682266009852215,2434.0,825
